<?xml version="1.0" encoding="UTF-8"?>
<project-private xmlns="http://www.netbeans.org/ns/project-private/1">
    <editor-bookmarks xmlns="http://www.netbeans.org/ns/editor-bookmarks/2" lastBookmarkId="0"/>
    <open-files xmlns="http://www.netbeans.org/ns/projectui-open-files/2">
        <group>
            <file>file:/C:/Users/samuel/Documents/NetBeansProjects/ClasesGabriela/src/Vehiculo/src/controlador/Controlador.java</file>
            <file>file:/C:/Users/samuel/Documents/NetBeansProjects/ClasesGabriela/src/Vehiculo/src/vehiculo/Principal.java</file>
            <file>file:/C:/Users/samuel/Documents/NetBeansProjects/ClasesGabriela/src/Vehiculo/src/modelo/Modelo.java</file>
            <file>file:/C:/Users/samuel/Documents/NetBeansProjects/ClasesGabriela/src/Vehiculo/src/vista/Vista.java</file>
            <file>file:/C:/Users/samuel/Documents/NetBeansProjects/ClasesGabriela/src/Vehiculo/src/modelo/Vehiculo.java</file>
            <file>file:/C:/Users/samuel/Documents/NetBeansProjects/ClasesGabriela/src/Vehiculo/src/modelo/Utilidades.java</file>
        </group>
    </open-files>
</project-private>
